nonce,gas,gasPrice,to,data,txn_hash,blockNumber,status,,
2,2000000,1674211166,0x5FbDB2315678afecb367f032d93F642f64180aa3,0x28ef5e5400000000000000000000000000000000000000000000000000000000000003a00000000000000000000000000000000000000000000000000000000000000ebb000000000000000000000000000000000000000000000000000000000000005a,b6fd98db7db85bf136f912583404d976b665f510fec3e38cc3f857b0adb566b5,3,1,,
3,2000000,1590601212,0x5FbDB2315678afecb367f032d93F642f64180aa3,0x28ef5e5400000000000000000000000000000000000000000000000000000000000002880000000000000000000000000000000000000000000000000000000000000e7a0000000000000000000000000000000000000000000000000000000000000064,4d16b22b6b1185425491de4ba54042d10a5f994dd6ab59047c737788f16147e3,4,1,,21BCT0027
4,2000000,1517359856,0x5FbDB2315678afecb367f032d93F642f64180aa3,0x28ef5e5400000000000000000000000000000000000000000000000000000000000002d40000000000000000000000000000000000000000000000000000000000000eee000000000000000000000000000000000000000000000000000000000000005c,7575e0fa58b369d4fbed4ff0a89eb599a6ad24bd91e51609fed954c00e507168,5,1,,Mohmika Kapoor
5,2000000,1453201272,0x5FbDB2315678afecb367f032d93F642f64180aa3,0x28ef5e5400000000000000000000000000000000000000000000000000000000000002a20000000000000000000000000000000000000000000000000000000000000e11000000000000000000000000000000000000000000000000000000000000005b,e62becf177e4a38e27e8cca66974acd42f8b99c772e7301099e0fd48ba41fd89,6,1,,
6,2000000,1396999092,0x5FbDB2315678afecb367f032d93F642f64180aa3,0x28ef5e54000000000000000000000000000000000000000000000000000000000000027a0000000000000000000000000000000000000000000000000000000000000eba000000000000000000000000000000000000000000000000000000000000005c,d3a8c843912e5d470927becc3e492fd4b794589117ebc5b140cadf16600a0dd2,7,1,,
7,2000000,1347766630,0x5FbDB2315678afecb367f032d93F642f64180aa3,0x28ef5e5400000000000000000000000000000000000000000000000000000000000003730000000000000000000000000000000000000000000000000000000000000f32000000000000000000000000000000000000000000000000000000000000005c,4bc8297366c073a156e4909cefbc81f45dba3c184a5ca5a186a9180f8ffba8dc,8,1,,
8,2000000,1304639560,0x5FbDB2315678afecb367f032d93F642f64180aa3,0x28ef5e5400000000000000000000000000000000000000000000000000000000000003310000000000000000000000000000000000000000000000000000000000000e540000000000000000000000000000000000000000000000000000000000000061,eaf6a6e74fd5ec0d5ab3b95a302538dfc54bbedbaec482ba3e5190e2aee925c3,9,1,,
9,2000000,1266860744,0x5FbDB2315678afecb367f032d93F642f64180aa3,0x28ef5e5400000000000000000000000000000000000000000000000000000000000003010000000000000000000000000000000000000000000000000000000000000f30000000000000000000000000000000000000000000000000000000000000005b,07c308711efea54ad08494e97c28fb6e7b73e4d4e94043ca048a18849253fa53,10,1,,
10,2000000,1233766937,0x5FbDB2315678afecb367f032d93F642f64180aa3,0x28ef5e5400000000000000000000000000000000000000000000000000000000000003290000000000000000000000000000000000000000000000000000000000000e69000000000000000000000000000000000000000000000000000000000000005d,8a2befb50c6cd31612ad19c9a662106d373a7a0e3668d46c834fed3a715217b4,11,1,,
11,2000000,1204777143,0x5FbDB2315678afecb367f032d93F642f64180aa3,0x28ef5e5400000000000000000000000000000000000000000000000000000000000003890000000000000000000000000000000000000000000000000000000000000f0e000000000000000000000000000000000000000000000000000000000000005a,58ffd9866c3d35dad80e0a3095e32428e809a51afe36cfc021be070fe541f3de,12,1,,
12,2000000,1179382418,0x5FbDB2315678afecb367f032d93F642f64180aa3,0x28ef5e5400000000000000000000000000000000000000000000000000000000000003630000000000000000000000000000000000000000000000000000000000000e61000000000000000000000000000000000000000000000000000000000000005c,858f2c8c8a936dc97ba9c943cac713a952b26ece23a2eb90f167e94cf5efd02c,13,1,,
13,2000000,1157136931,0x5FbDB2315678afecb367f032d93F642f64180aa3,0x28ef5e5400000000000000000000000000000000000000000000000000000000000003d20000000000000000000000000000000000000000000000000000000000000eb90000000000000000000000000000000000000000000000000000000000000060,bc205f4930b032aebdd5c5d810a292340026db95e85d4da5107ae65067cf238a,14,1,,
14,2000000,1137650141,0x5FbDB2315678afecb367f032d93F642f64180aa3,0x28ef5e5400000000000000000000000000000000000000000000000000000000000002620000000000000000000000000000000000000000000000000000000000000e5a0000000000000000000000000000000000000000000000000000000000000060,9298fb080bbc3dbbdbc010fca8b75a6b4f4ade294147de6322875ed7216c188b,15,1,,
15,2000000,1120579938,0x5FbDB2315678afecb367f032d93F642f64180aa3,0x28ef5e5400000000000000000000000000000000000000000000000000000000000002760000000000000000000000000000000000000000000000000000000000000ecc0000000000000000000000000000000000000000000000000000000000000060,d6e32bfdd4d5b8babfa3c4f66d4f0fdfaeee57acdae878239cae719754a65e1c,16,1,,
16,2000000,1105626637,0x5FbDB2315678afecb367f032d93F642f64180aa3,0x28ef5e5400000000000000000000000000000000000000000000000000000000000003940000000000000000000000000000000000000000000000000000000000000ea60000000000000000000000000000000000000000000000000000000000000063,32ff9ec3db109f145ac34cfaa4dc89aa7d0ec545d1044a2d3b6ce7bce8f613e4,17,1,,
17,2000000,1092527717,0x5FbDB2315678afecb367f032d93F642f64180aa3,0x28ef5e5400000000000000000000000000000000000000000000000000000000000003000000000000000000000000000000000000000000000000000000000000000efc000000000000000000000000000000000000000000000000000000000000005e,637ac989232ccc6d28c6fb8fb797a6df17cc8e929a5db7da9f76c342ef2c0a82,18,1,,
18,2000000,1081053205,0x5FbDB2315678afecb367f032d93F642f64180aa3,0x28ef5e54000000000000000000000000000000000000000000000000000000000000032c0000000000000000000000000000000000000000000000000000000000000e71000000000000000000000000000000000000000000000000000000000000005c,775a5a8b79781fe06e3bc68cef70a0f6a4bed59da5bdc2181ea19429616aca5c,19,1,,
19,2000000,1071001674,0x5FbDB2315678afecb367f032d93F642f64180aa3,0x28ef5e5400000000000000000000000000000000000000000000000000000000000003250000000000000000000000000000000000000000000000000000000000000e34000000000000000000000000000000000000000000000000000000000000005b,5aed6beae61a2dbb63da787f007245c45c8f86fa24122b9be4485c8d08bf44c8,20,1,,
20,2000000,1062196649,0x5FbDB2315678afecb367f032d93F642f64180aa3,0x28ef5e5400000000000000000000000000000000000000000000000000000000000003cd0000000000000000000000000000000000000000000000000000000000000ea3000000000000000000000000000000000000000000000000000000000000005c,7fa172fae41633f7eb51c9cf5ebb48ba3521db997d927a7052f8e45d7b222432,21,1,,
21,2000000,1054483548,0x5FbDB2315678afecb367f032d93F642f64180aa3,0x28ef5e5400000000000000000000000000000000000000000000000000000000000003bc0000000000000000000000000000000000000000000000000000000000000e1f0000000000000000000000000000000000000000000000000000000000000063,d1e9e6f663286b3d47eca5531702533deaa631188bdaf3952e51e37917e5e227,22,1,,
22,2000000,1047726961,0x5FbDB2315678afecb367f032d93F642f64180aa3,0x28ef5e5400000000000000000000000000000000000000000000000000000000000003ae0000000000000000000000000000000000000000000000000000000000000ebc000000000000000000000000000000000000000000000000000000000000005c,6f245a10f4e86386a8dbecc00853f1a9b3bb1a7bc758665bf3947878a993c4a7,23,1,,
23,2000000,1041808268,0x5FbDB2315678afecb367f032d93F642f64180aa3,0x28ef5e5400000000000000000000000000000000000000000000000000000000000002e30000000000000000000000000000000000000000000000000000000000000f000000000000000000000000000000000000000000000000000000000000000063,6683720edc30cea81090481339bade1f365c1d29d3bc7474a766c7e7d2781de0,24,1,,
24,2000000,1036623557,0x5FbDB2315678afecb367f032d93F642f64180aa3,0x28ef5e54000000000000000000000000000000000000000000000000000000000000035c0000000000000000000000000000000000000000000000000000000000000eb1000000000000000000000000000000000000000000000000000000000000005a,99241d423bd121eb4f13bb0e9bc7257583398e682d10e8e514b5dfda1f8d78a8,25,1,,
25,2000000,1032081814,0x5FbDB2315678afecb367f032d93F642f64180aa3,0x28ef5e5400000000000000000000000000000000000000000000000000000000000003b30000000000000000000000000000000000000000000000000000000000000edf0000000000000000000000000000000000000000000000000000000000000061,58879bac6a93bfdc27a84389cd4ce8318cb13b38a8b28c77d153228578640cbd,26,1,,
26,2000000,1028103300,0x5FbDB2315678afecb367f032d93F642f64180aa3,0x28ef5e5400000000000000000000000000000000000000000000000000000000000002f70000000000000000000000000000000000000000000000000000000000000e2a0000000000000000000000000000000000000000000000000000000000000060,0a91cb3fc571547f563838dde31a371a8f4871e27ba65c9ed2479eb5a4a491d5,27,1,,
27,2000000,1024618167,0x5FbDB2315678afecb367f032d93F642f64180aa3,0x28ef5e5400000000000000000000000000000000000000000000000000000000000003150000000000000000000000000000000000000000000000000000000000000e960000000000000000000000000000000000000000000000000000000000000061,8b0c03238b0fb12cfcc96fa6abd0e878246e4b673d11a7f1f094000d418cd9f7,28,1,,
28,2000000,1021565231,0x5FbDB2315678afecb367f032d93F642f64180aa3,0x28ef5e5400000000000000000000000000000000000000000000000000000000000003dd0000000000000000000000000000000000000000000000000000000000000e44000000000000000000000000000000000000000000000000000000000000005c,8e7e0000937e5850e0691db9d6c55a8f0b31e7ae54a17d83960ceb262d6b2271,29,1,,
29,2000000,1018890894,0x5FbDB2315678afecb367f032d93F642f64180aa3,0x28ef5e5400000000000000000000000000000000000000000000000000000000000002dc0000000000000000000000000000000000000000000000000000000000000f31000000000000000000000000000000000000000000000000000000000000005d,c326d83ad69e7f460068b3b761ec8bd92468fca6749691d04f94341f8b151bf8,30,1,,
30,2000000,1016548206,0x5FbDB2315678afecb367f032d93F642f64180aa3,0x28ef5e54000000000000000000000000000000000000000000000000000000000000028d0000000000000000000000000000000000000000000000000000000000000ee6000000000000000000000000000000000000000000000000000000000000005c,23d60843a80824187e2793893f0d6580349e6d11254a01739a4aed4e9565bd39,31,1,,
31,2000000,1014496038,0x5FbDB2315678afecb367f032d93F642f64180aa3,0x28ef5e5400000000000000000000000000000000000000000000000000000000000003a50000000000000000000000000000000000000000000000000000000000000f2d000000000000000000000000000000000000000000000000000000000000005e,0824995b4be4708d3546fcd0ea84850ab60933fc76f190f73ee9d49a740e281d,32,1,,
32,2000000,1012698363,0x5FbDB2315678afecb367f032d93F642f64180aa3,0x28ef5e5400000000000000000000000000000000000000000000000000000000000003ba0000000000000000000000000000000000000000000000000000000000000f150000000000000000000000000000000000000000000000000000000000000064,183d5ac1122f6fb10310a5ba89346b380b8299bb372b461b31c9b5174f5775bc,33,1,,
33,2000000,1011123620,0x5FbDB2315678afecb367f032d93F642f64180aa3,0x28ef5e54000000000000000000000000000000000000000000000000000000000000030a0000000000000000000000000000000000000000000000000000000000000ece000000000000000000000000000000000000000000000000000000000000005b,f5f1ed2e72e097992996f856f72bb0c09e629c02ec277798ed11a7512de41823,34,1,,
34,2000000,1009744163,0x5FbDB2315678afecb367f032d93F642f64180aa3,0x28ef5e5400000000000000000000000000000000000000000000000000000000000003bf0000000000000000000000000000000000000000000000000000000000000f270000000000000000000000000000000000000000000000000000000000000063,5d76d5f29f7c9573df7b09badd904be7b52b8a82a6f6082e249bac6289b72ec1,35,1,,
35,2000000,1008535775,0x5FbDB2315678afecb367f032d93F642f64180aa3,0x28ef5e5400000000000000000000000000000000000000000000000000000000000003030000000000000000000000000000000000000000000000000000000000000ed90000000000000000000000000000000000000000000000000000000000000063,f7281e0dab9d72340708499ec9c79c26ee2b8aebf074ba2fecb44c3ee8ab6d53,36,1,,
36,2000000,1007477241,0x5FbDB2315678afecb367f032d93F642f64180aa3,0x28ef5e5400000000000000000000000000000000000000000000000000000000000002970000000000000000000000000000000000000000000000000000000000000f220000000000000000000000000000000000000000000000000000000000000063,e4713449a1ffd664dfa922974cc0f2fe27070773289094619ae58a19e714108a,37,1,,
37,2000000,1006549977,0x5FbDB2315678afecb367f032d93F642f64180aa3,0x28ef5e5400000000000000000000000000000000000000000000000000000000000003780000000000000000000000000000000000000000000000000000000000000e4d0000000000000000000000000000000000000000000000000000000000000063,6386c17d435e0c0314db26a07a7aafab7dd3fe8e0002a6c17d7a64b4cdce7436,38,1,,
38,2000000,1005737705,0x5FbDB2315678afecb367f032d93F642f64180aa3,0x28ef5e5400000000000000000000000000000000000000000000000000000000000002ca0000000000000000000000000000000000000000000000000000000000000ec50000000000000000000000000000000000000000000000000000000000000064,70a410d177bdd200b3658664ef2d831de7dc09ddcb3e30065f6096f2e0597a9a,39,1,,
39,2000000,1005026164,0x5FbDB2315678afecb367f032d93F642f64180aa3,0x28ef5e54000000000000000000000000000000000000000000000000000000000000027c0000000000000000000000000000000000000000000000000000000000000ee1000000000000000000000000000000000000000000000000000000000000005f,71eb2c47e73c0c5bfe5869cf7305a1d401d1a548d0ee159408c523acf16ee7fe,40,1,,
40,2000000,1004402862,0x5FbDB2315678afecb367f032d93F642f64180aa3,0x28ef5e5400000000000000000000000000000000000000000000000000000000000003560000000000000000000000000000000000000000000000000000000000000ed1000000000000000000000000000000000000000000000000000000000000005e,d33bcbb4a6f2295be2279575fcda09edd1b825352723c5798379c49c64e8b9cc,41,1,,
41,2000000,1003856857,0x5FbDB2315678afecb367f032d93F642f64180aa3,0x28ef5e5400000000000000000000000000000000000000000000000000000000000002ec0000000000000000000000000000000000000000000000000000000000000f2b000000000000000000000000000000000000000000000000000000000000005d,47a3bc186b1ecb22373f58a6f733592a4882cbc573588b98257a2338b9d77cde,42,1,,
42,2000000,1003378563,0x5FbDB2315678afecb367f032d93F642f64180aa3,0x28ef5e5400000000000000000000000000000000000000000000000000000000000003070000000000000000000000000000000000000000000000000000000000000e550000000000000000000000000000000000000000000000000000000000000062,1380f31a509444557a85c70098fbdcca3552f27275af69e518c50c6d41c843f7,43,1,,
43,2000000,1002959583,0x5FbDB2315678afecb367f032d93F642f64180aa3,0x28ef5e5400000000000000000000000000000000000000000000000000000000000002c40000000000000000000000000000000000000000000000000000000000000e770000000000000000000000000000000000000000000000000000000000000063,552f486fc89d8aea0eaa20756af91ac81d8174a74b7694c03fb37fae539a3ab7,44,1,,
44,2000000,1002592561,0x5FbDB2315678afecb367f032d93F642f64180aa3,0x28ef5e54000000000000000000000000000000000000000000000000000000000000030a0000000000000000000000000000000000000000000000000000000000000ef00000000000000000000000000000000000000000000000000000000000000061,10d51c601cec6d29410ff09cfc61bad3d3c463f7ce6e54de4f894958a228dd0e,45,1,,
45,2000000,1002271054,0x5FbDB2315678afecb367f032d93F642f64180aa3,0x28ef5e5400000000000000000000000000000000000000000000000000000000000003b90000000000000000000000000000000000000000000000000000000000000f220000000000000000000000000000000000000000000000000000000000000061,175c9a2140fce4b9478294bba4f8c88a1773a8b47852a1f397c2d167acfeafa4,46,1,,
46,2000000,1001989418,0x5FbDB2315678afecb367f032d93F642f64180aa3,0x28ef5e54000000000000000000000000000000000000000000000000000000000000035f0000000000000000000000000000000000000000000000000000000000000e830000000000000000000000000000000000000000000000000000000000000060,6d46bc83e71bfe3b343c2fa2a2f3453efdfb4afc2e96201c6e08fa60724953a7,47,1,,
47,2000000,1001742708,0x5FbDB2315678afecb367f032d93F642f64180aa3,0x28ef5e5400000000000000000000000000000000000000000000000000000000000003060000000000000000000000000000000000000000000000000000000000000ed90000000000000000000000000000000000000000000000000000000000000061,99cfafa1c0e498f606acfc6833560802cbe70eff12051790ab9426cd219e2653,48,1,,
48,2000000,1001526593,0x5FbDB2315678afecb367f032d93F642f64180aa3,0x28ef5e5400000000000000000000000000000000000000000000000000000000000002690000000000000000000000000000000000000000000000000000000000000f050000000000000000000000000000000000000000000000000000000000000060,1f623fdf1294d8f09fee055c2b09e3dc3f7ad910750ea3f3ee7483960a468e4e,49,1,,
49,2000000,1001337278,0x5FbDB2315678afecb367f032d93F642f64180aa3,0x28ef5e5400000000000000000000000000000000000000000000000000000000000003aa0000000000000000000000000000000000000000000000000000000000000eb5000000000000000000000000000000000000000000000000000000000000005a,3b59f3b3e0be8627c4b5c0549a595fcaf7ad02c0057a423e015db25a02477229,50,1,,
50,2000000,1001171441,0x5FbDB2315678afecb367f032d93F642f64180aa3,0x28ef5e54000000000000000000000000000000000000000000000000000000000000025b0000000000000000000000000000000000000000000000000000000000000e94000000000000000000000000000000000000000000000000000000000000005c,4e84b348f3cd91ec3432a6d30458a4b7117e290319f1885e317218f404453995,51,1,,
51,2000000,1001026169,0x5FbDB2315678afecb367f032d93F642f64180aa3,0x28ef5e5400000000000000000000000000000000000000000000000000000000000003da0000000000000000000000000000000000000000000000000000000000000f390000000000000000000000000000000000000000000000000000000000000061,fdbbfd47467f49dfd950506efed5abbce1ca809505b6f315b3e282e3b95f9b42,52,1,,
